1001,-122.7728014,42.41537137,,AGATE DAM,,,,,,,,,,,,4,16,,,,OR,DRY CREEK,PST/PDT
1002,-118.1560694,43.91143537,,AGENCY VALLEY DAM,,,,,,,,,,,,4,17,,,,OR,NORTH FORK MALHEUR RIVER,MST/MDT
1003,-106.7198764,42.54789737,,ALCOVA DAM,,,,,,,,,,,,1,6,,,,WY,NORTH PLATTE RIVER,MST/MDT
1004,-99.29800235,34.88985136,,ALTUS AUXILIARY DIKE,,,,,,,,,,,,1,5,,,,OK,NORTH FORK RED RIVER,CST/CDT
1005,-99.29590535,34.88653836,,ALTUS DAM,,,,,,,,,,,,1,5,,,,OK,NORTH FORK RED RIVER,CST/CDT
1006,-99.28028735,34.90200636,,ALTUS EAST DIKE,,,,,,,,,,,,1,5,,,,OK,NORTH FORK RED RIVER,CST/CDT
1007,-99.28202935,34.89035636,,ALTUS LUGERT DIKE,,,,,,,,,,,,1,5,,,,OK,NORTH FORK RED RIVER,CST/CDT
1008,-99.34082535,34.97071136,,ALTUS NORTH DIKE,,,,,,,,,,,,1,5,,,,OK,NORTH FORK RED RIVER,CST/CDT
1009,-99.29483335,34.88324636,,ALTUS SOUTH DIKE,,,,,,,,,,,,1,5,,,,OK,NORTH FORK RED RIVER,CST/CDT
1010,-101.7608814,35.24160336,,AMARILLO TERMINAL DAM,,,,,,,,,,,,1,5,,,,TX,CANADIAN RIVER OS,CST/CDT
1011,-106.5280884,31.78423636,,AMERICAN DIVERSION DAM,,,,,,,,,,,,5,19,,,,NM,RIO GRANDE RIVER,MST/MDT
1012,-112.8746194,42.77920437,,AMERICAN FALLS DAM,,,,,,,,,,,,4,17,,,,ID,SNAKE RIVER,MST/MDT
1013,-108.8246524,43.66387837,,ANCHOR DAM,,,,,,,,,,,,1,6,,,,WY,SOUTH FORK OWL CREEK,MST/MDT
1014,-115.4494884,43.35973237,,ANDERSON RANCH DAM,,,,,,,,,,,,4,17,,,,ID,SOUTH FORK BOISE RIVER,MST/MDT
1015,-121.5614024,42.01024937,,ANDERSON-ROSE DIVERSION DAM,,,,,,,,,,,,3,12,,,,OR,LOST RIVER,PST/PDT
1016,-103.4365054,43.34291237,,ANGOSTURA DAM,,,,,,,,,,,,1,1,,,,SD,CHEYENNE RIVER,MST/MDT
1017,-107.9995384,45.93222337,,ANITA DAM,,,,,,,,,,,,1,3,,,,MT,YELLOWSTONE RIVER TR,MST/MDT
1021,-99.24016635,41.49018637,,ARCADIA DIVERSION DAM,,,,,,,,,,,,1,4,,,,NE,MIDDLE LOUP RIVER,CST/CDT
1022,-115.9223494,43.59516037,,ARROWROCK DAM,,,,,,,,,,,,4,17,,,,ID,BOISE RIVER,MST/MDT
1023,-120.7865314,44.11105537,,ARTHUR R. BOWMAN DAM,,,,,,,,,,,,4,16,,,,OR,CROOKED RIVER,PST/PDT
1024,-112.0778444,41.35561137,,ARTHUR V. WATKINS DAM,,,,,,,,,,,,5,20,,,,UT,WILLARD CREEK OS,MST/MDT
1025,-107.8858794,39.09606137,,ATKINSON DAM,,,,,,,,,,,,5,21,,,,CO,ATKINSON CREEK,MST/MDT
1026,-121.0603164,38.88387937,,AUBURN DAM (PROPOSED),,,,Auburn_Dam_Site,1,0,,,,78,1,3,11,,,,CA,AMERICAN RIVER,PST/PDT
1027,-104.2531224,32.49207836,,AVALON DAM,,,,,,,,,,,,5,19,,,,NM,PECOS RIVER,MST/MDT
1028,-121.0745394,37.05831537,,B.F. SISK DAM,,,,San_Luis_Dam,1,1,,,1,2,4,3,15,,,,CA,SAN LUIS CREEK,PST/PDT
1029,-121.0963724,37.08020637,,B.F. SISK DIKE,,,,,,,,,,,,3,15,,,,CA,SAN LUIS CREEK,PST/PDT
1030,-112.7405734,45.13002437,,BARRETTS DIVERSION DAM,,,,,,,,,,,,1,3,,,,MT,BEAVERHEAD RIVER,MST/MDT
1031,-111.6317704,33.81823436,,BARTLETT DAM,,,,Bartlett_Dam,2,1,,,1,72,2,2,8,,,,AZ,VERDE RIVER,MST/MST
1032,-103.6752594,44.73368737,,BELLE FOURCHE DAM,,,,,,,,,,,,1,1,,,,SD,OWL CREEK,MST/MDT
1033,-103.8307764,44.69065237,,BELLE FOURCHE DIVERSION DAM,,,,,,,,,,,,1,1,,,,SD,BELLE FOURCHE RIVER,MST/MDT
1034,-107.8877944,39.08081437,,BIG CREEK NO. 1 DAM,,,,,,,,,,,,5,21,,,,CO,BIG CREEK,MST/MDT
1035,-107.9593534,39.09628337,,BIG MEADOWS DAM,,,,,,,,,,,,5,21,,,,CO,COTTONWOOD CREEK,MST/MDT
1036,-107.9557404,39.10122837,,BIG MEADOWS DIKE,,,,,,,,,,,,5,21,,,,CO,COTTONWOOD CREEK TR,MST/MDT
1037,-109.4289874,42.24895837,,BIG SANDY DAM,,,,,,,,,,,,5,20,,,,WY,BIG SANDY CREEK,MST/MDT
1038,-109.4183894,42.26071737,,BIG SANDY DIKE,,,,,,,,,,,,5,20,,,,WY,BIG SANDY CREEK OS,MST/MDT
1039,-116.4365574,43.93030237,,BLACK CANYON DIVERSION DAM,,,,Black_Canyon_Dam,2,1,,,1,61,2,4,17,,,,ID,PAYETTE RIVER,MST/MDT
1040,-107.3343564,38.45335837,,BLUE MESA DAM,,,,,,,,,,,,5,21,,,,CO,GUNNISON RIVER,MST/MDT
1041,-120.0958044,39.39001237,,BOCA DAM,,,,Boca_Dam,2,1,,,1,8,4,3,13,,,,CA,LITTLE TRUCKEE RIVER,PST/PDT
1042,-116.0933804,43.53785037,,BOISE RIVER DIVERSION DAM,,,,,,,,,,,,4,17,,,,ID,BOISE RIVER,MST/MDT
1043,-107.7679314,44.19891537,,BONANZA NO. 1 DAM,,,,,,,,,,,,1,6,,,,WY,BONANZA DRAW TR,MST/MDT
1044,-107.9013774,39.10420437,,BONHAM DAM,,,,,,,,,,,,5,21,,,,CO,BIG CREEK,MST/MDT
1045,-102.1730714,39.62287237,,BONNY DAM,,,,,,,,,,,,1,4,,,,CO,SOUTH FORK REPUBLICAN RIVER,MST/MDT
1046,-103.0744774,42.45780537,,BOX BUTTE DAM,,,,,,,,,,,,1,4,,,,NE,NIOBRARA RIVER,MST/MDT
1047,-108.1789464,43.41684837,,BOYSEN DAM,,,,,,,,,,,,1,6,,,,WY,WIND RIVER,MST/MDT
1048,-119.9811644,34.58674036,,BRADBURY DAM,,,,Bradbury_Dam,3,1,,,1,7,4,3,15,,,,CA,SANTA YNEZ RIVER,PST/PDT
1049,-104.3810354,32.54418636,,BRANTLEY DAM,,,,,,,,,,,,5,19,,,,NM,PECOS RIVER,MST/MDT
1050,-122.7585034,40.62362137,,BUCKHORN DAM,,,,,,,,,,,,3,14,,,,CA,GRASS VALLEY CREEK,PST/PDT
1051,-109.1830464,44.50139437,,BUFFALO BILL DAM,,,,,,,,,,,,1,6,,,,WY,SHOSHONE RIVER,MST/MDT
1052,-109.0424044,43.21029237,,BULL LAKE DAM,,,,,,,,,,,,1,6,,,,WY,BULL LAKE CREEK,MST/MDT
1053,-117.3959504,44.01687737,,BULLY CREEK DAM,,,,,,,,,,,,4,17,,,,OR,BULLY CREEK,MST/MDT
1054,-121.2998394,46.86865238,,BUMPING LAKE DAM,,,,,,,,,,,,4,18,,,,WA,BUMPING RIVER,PST/PDT
1055,-107.2933584,32.89636636,,CABALLO DAM,,,,,,,,,,,,5,19,,,,NM,RIO GRANDE RIVER,MST/MDT
1056,-111.7278544,46.64849837,,CANYON FERRY DAM,,,,Canyon_Ferry_Dam,1,1,,,1,29,2,1,3,,,,MT,MISSOURI RIVER,MST/MDT
1057,-119.4865124,34.40711736,,CARPINTERIA DAM,,,,,,,,,,,,3,15,,,,CA,CARPINTERIA CREEK OS,PST/PDT
1058,-118.9929924,39.49247537,,CARSON RIVER DIVERSION DAM,,,,,,,,,,,,3,13,,,,NV,CARSON RIVER,PST/PDT
1059,-105.2117824,40.32497237,,CARTER LAKE DAM NO. 1,,,,,,,,,,,,1,2,,,,CO,BIG THOMPSON RIVER OS,MST/MDT
1060,-105.2070804,40.33965037,,CARTER LAKE DAM NO. 2,,,,,,,,,,,,1,2,,,,CO,BIG THOMPSON RIVER OS,MST/MDT
1061,-105.2110994,40.35186637,,CARTER LAKE DAM NO. 3,,,,,,,,,,,,1,2,,,,CO,BIG THOMPSON RIVER OS,MST/MDT
1062,-116.0507424,44.52527737,,CASCADE DAM,,,,,,,,,,,,4,17,,,,ID,NORTH FORK PAYETTE RIVER,MST/MDT
1063,-119.3351964,34.37101936,,CASITAS DAM,,,,Casitas_Dam,4,1,,,1,1,4,3,15,,,,CA,COYOTE CREEK,PST/PDT
1064,-119.3173804,34.40587636,,CASITAS SADDLE DIKE,,,,,,,,,,,,3,15,,,,CA,COYOTE CREEK OS,PST/PDT
1065,-111.5873954,41.29833237,,CAUSEY DAM,,,,,,,,,,,,5,20,,,,UT,SOUTH FORK OGDEN RIVER,MST/MDT
1066,-98.43187935,39.49507237,,CAWKER CITY DIKE,,,,,,,,,,,,1,4,,,,KS,NORTH FORK SOLOMON RIVER OS,CST/CDT
1067,-99.72157835,38.78871337,,CEDAR BLUFF DAM,,,,,,,,,,,,1,4,,,,KS,SMOKY HILL RIVER,CST/CDT
1068,-97.79383935,37.72607037,,CHENEY DAM,,,,,,,,,,,,1,5,,,,KS,NORTH FORK NINNESCAH,CST/CDT
1069,-98.24498635,28.48656336,,CHOKE CANYON DAM,,,,,,,,,,,,1,5,,,,TX,FRIO RIVER,CST/CDT
1070,-112.8583714,45.00051837,,CLARK CANYON DAM,,,,Clark_Canyon_Dam,2,1,,,1,34,2,1,3,,,,MT,BEAVERHEAD RIVER,MST/MDT
1071,-121.0733334,47.24683538,,CLE ELUM DAM,,,,,,,,,,,,4,18,,,,WA,CLE ELUM RIVER,PST/PDT
1072,-121.2711154,46.62782237,,CLEAR CREEK DAM,,,,,,,,,,,,4,18,,,,WA,TIETON RIVER,PST/PDT
1073,-121.0754824,41.92564237,,CLEAR LAKE DAM,,,,,,,,,,,,3,12,,,,CA,LOST RIVER,PST/PDT
1074,-121.1650754,41.79807937,,CLEAR LAKE DIKE 1,,,,,,,,,,,,3,12,,,,CA,LOST RIVER,PST/PDT
1075,-119.1730254,45.85995937,,COLD SPRINGS DAM,,,,,,,,,,,,4,16,,,,OR,UMATILLA RIVER OS,PST/PDT
1076,-122.5185124,39.35343137,,COLEMAN DIKE,,,,,,,,,,,,3,14,,,,CA,LITTLE STONY CREEK OS,PST/PDT
1078,-119.7490734,48.53784338,,CONCONULLY DAM,,,,Conconully_Dam,2,1,,,1,56,4,4,18,,,,WA,SALMON CREEK,PST/PDT
1079,-121.8241504,37.97728937,,CONTRA LOMA DAM,,,,Contra_Loma_Dam,2,1,,,1,6,2,3,15,,,,CA,SAN JOAQ RIVER OS,PST/PDT
1080,-121.8331594,37.97375937,,CONTRA LOMA DIKE NO. 2,,,,,,,,,,,,3,15,,,,CA,SAN JOAQ RIVER OS,PST/PDT
1081,-121.8220744,37.97469237,,CONTRA LOMA DIKE NO. 3,,,,,,,,,,,,3,15,,,,CA,SAN JOAQ RIVER OS,PST/PDT
1082,-107.9682684,39.07561037,,COTTONWOOD LAKE NO. 1 DAM,,,,,,,,,,,,5,21,,,,CO,COTTONWOOD CREEK,MST/MDT
1083,-107.9838064,39.08120537,,COTTONWOOD LAKE NO. 2 DAM,,,,,,,,,,,,5,21,,,,CO,COTTONWOOD CREEK,MST/MDT
1084,-107.9518244,39.07517137,,COTTONWOOD LAKE NO. 4 DAM,,,,,,,,,,,,5,21,,,,CO,COTTONWOOD CREEK,MST/MDT
1085,-107.9550254,39.08766137,,COTTONWOOD LAKE NO. 5 DAM,,,,,,,,,,,,5,21,,,,CO,COTTONWOOD CREEK,MST/MDT
1086,-107.9827734,39.08150137,,COTTONWOOD NO. 2 DIKE,,,,,,,,,,,,5,21,,,,CO,COTTONWOOD CREEK,MST/MDT
1087,-121.6371714,37.15745537,,COYOTE PUMPING PLANT,,,,Coyote_Pumping_Plant,1,1,,,1,21,2,3,15,,,,CA,,PST/PDT
1088,-121.7847704,43.75496837,,CRANE PRAIRIE DAM,,,,,,,,,,,,4,16,,,,OR,DESCHUTES RIVER,PST/PDT
1089,-107.6069964,38.68994937,,CRAWFORD DAM,,,,,,,,,,,,5,21,,,,CO,IRON CREEK,MST/MDT
1090,-121.9734744,43.50190637,,CRESCENT LAKE DAM,,,,,,,,,,,,4,16,,,,OR,CRESCENT CREEK,PST/PDT
1091,-107.6239904,38.51042037,,CRYSTAL DAM,,,,,,,,,,,,5,21,,,,CO,GUNNISON RIVER,MST/MDT
1092,-111.0520614,40.33281437,,CURRANT CREEK DAM,,,,,,,,,,,,5,20,,,,UT,CURRENT CREEK,MST/MDT
1093,-104.5931394,36.55839236,,DAM NO. 13,,,,,,,,,,,,5,19,,,,NM,CHICO RICO OS,MST/MDT
1094,-104.5808424,36.57724236,,DAM NO. 2,,,,,,,,,,,,5,19,,,,NM,STUBBLEFIELD ARROYO OS,MST/MDT
1095,-98.74894535,41.41560137,,DAVIS CREEK DAM,,,,,,,,,,,,1,4,,,,NE,DAVIS CREEK,CST/CDT
1096,-114.5698954,35.19601136,,DAVIS DAM,,,,,,,,,,,,2,7,,,,AZ,COLORADO RIVER,MST/MST
1097,-115.6458374,44.29380437,,DEADWOOD DAM,,,,Deadwood_Dam,1,1,,,1,31,2,4,17,,,,ID,DEADWOOD RIVER,MST/MDT
1098,-108.6338644,44.90225437,,DEAVER DAM,,,,,,,,,,,,1,6,,,,WY,SHOSHONE RIVER OS,MST/MDT
1099,-107.9666794,39.08124137,,DECAMP DAM,,,,,,,,,,,,5,21,,,,CO,COTTONWOOD CREEK,MST/MDT
1100,-111.5276584,40.40697937,,DEER CREEK DAM,,,,Deer_Creek_Dam,1,1,,,1,17,4,5,20,,,,UT,PROVO RIVER,MST/MDT
1101,-116.5832824,43.51881037,,DEER FLAT EAST DIKE,,,,,,,,,,,,4,17,,,,ID,BOISE RIVER OS,MST/MDT
1102,-116.7362584,43.58290937,,DEER FLAT LOWER DAM,,,,,,,,,,,,4,17,,,,ID,BOISE RIVER OS,MST/MDT
1103,-116.7174594,43.59562537,,DEER FLAT MIDDLE DIKE,,,,,,,,,,,,4,17,,,,ID,BOISE RIVER OS,MST/MDT
1104,-116.6535424,43.55981637,,DEER FLAT UPPER DAM,,,,,,,,,,,,4,17,,,,ID,BOISE RIVER OS,MST/MDT
1105,-103.7852304,44.02936537,,DEERFIELD DAM,,,,,,,,,,,,1,1,,,,SD,CASTLE CREEK,MST/MDT
1106,-119.4485624,39.58692637,,DERBY DIVERSION DAM,,,,,,,,,,,,3,13,,,,NV,TRUCKEE RIVER,PST/PDT
1107,-102.8283124,46.86841538,,DICKINSON DAM,,,,,,,,,,,,1,1,,,,ND,HEART RIVER,MST/MDT
1108,-105.1477544,40.55474637,,DIXON CANYON DAM,,,,,,,,,,,,1,2,,,,CO,CACHE LA POUDRE TR,MST/MDT
1109,-108.3098504,48.41193738,,DODSON DIVERSION DAM,,,,,,,,,,,,1,3,,,,MT,MILK RIVER,MST/MDT
1110,-120.8283374,36.92393337,,DOS AMIGOS PUMPING PLANT,,,,Dos_Amigos_Pumping_Plant,2,0,,,,47,1,3,15,,,,CA,CALIFORNIA AQUEDUCT,PST/PDT
1111,-98.54153835,39.49520937,,DOWNS PROTECTIVE DIKE,,,,,,,,,,,,1,4,,,,KS,NORTH FORK SOLOMON RIVER OS,CST/CDT
1112,-119.3062144,47.61915638,,DRY FALLS DAM,,,,,,,,,,,,4,18,,,,WA,UPPER GRAND COULEE RIVER,PST/PDT
1113,-111.6009494,40.92042937,,EAST CANYON DAM,,,,East_Canyon_Dam,1,1,,,1,18,2,5,20,,,,UT,EAST CANYON CREEK,MST/MDT
1114,-122.5134764,39.36124437,,EAST PARK DAM,,,,,,,,,,,,3,14,,,,CA,LITTLE STONY CREEK,PST/PDT
1115,-122.5022404,39.37367237,,EAST PARK DIKE 1,,,,,,,,,,,,3,14,,,,CA,LITTLE STONY CREEK OS,PST/PDT
1116,-122.5006724,39.37368537,,EAST PARK DIKE 2,,,,,,,,,,,,3,14,,,,CA,LITTLE STONY CREEK OS,PST/PDT
1117,-122.4994824,39.37361737,,EAST PARK DIKE 3,,,,,,,,,,,,3,14,,,,CA,LITTLE STONY CREEK OS,PST/PDT
1118,-115.8432004,33.44654036,,EAST SIDE DETENTION DIKE NO. 1,,,,,,,,,,,,2,10,,,,CA,WHITEWATER RIVER OS,PST/PDT
1119,-115.9205844,33.51298936,,EAST SIDE DETENTION DIKE NO. 2,,,,,,,,,,,,2,10,,,,CA,WHITEWATER RIVER OS,PST/PDT
1120,-121.1880694,47.24166538,,EASTON DIVERSION DAM,,,,,,,,,,,,4,18,,,,WA,YAKIMA RIVER,PST/PDT
1121,-121.1893594,47.24573338,,EASTON DIVERSION DIKE,,,,,,,,,,,,4,18,,,,WA,YAKIMA RIVER TR,PST/PDT
1122,-111.4308064,40.96570037,,ECHO DAM,,,,Echo_Dam,2,1,,,1,42,2,5,20,,,,UT,WEBER RIVER,MST/MDT
1123,-109.3834964,42.22960537,,EDEN DIKE 1,,,,,,,,,,,,5,20,,,,WY,LITTLE SANDY CREEK OS,MST/MDT
1124,-109.3767474,42.24000137,,EDEN DIKE 2,,,,,,,,,,,,5,20,,,,WY,LITTLE SANDY CREEK OS,MST/MDT
1125,-109.3960184,42.21397637,,EDEN WEST DIKE,,,,,,,,,,,,5,20,,,,WY,LITTLE SANDY CREEK OS,MST/MDT
1126,-106.7332394,36.59380736,,EL VADO DAM,,,,,,,,,,,,5,19,,,,NM,RIO CHAMA RIVER,MST/MDT
1127,-107.1917904,33.15417036,,ELEPHANT BUTTE DAM,,,,,,,,,,,,5,19,,,,NM,RIO GRANDE RIVER,MST/MDT
1128,-107.1893504,33.16708036,,ELEPHANT BUTTE DIKE,,,,,,,,,,,,5,19,,,,NM,RIO GRANDE RIVER OS,MST/MDT
1130,-122.6235824,42.14452937,,EMIGRANT COAXIAL DIKE,,,,,,,,,,,,4,16,,,,OR,NEIL CREEK TR,PST/PDT
1131,-122.6049394,42.16170637,,EMIGRANT DAM,,,,,,,,,,,,4,16,,,,OR,EMIGRANT CREEK,PST/PDT
1132,-122.6209344,42.15111137,,EMIGRANT HIGHWAY DIKE,,,,,,,,,,,,4,16,,,,OR,NEIL CREEK OS,PST/PDT
1133,-122.6172784,42.16110537,,EMIGRANT SPILLWAY DIKE,,,,,,,,,,,,4,16,,,,OR,NEIL CREEK,PST/PDT
1134,-101.5179433,40.42210937,,ENDERS DAM,,,,,,,,,,,,1,4,,,,NE,FRENCHMAN CREEK,MST/MDT
1135,-101.5227413,40.43786537,,ENDERS DIKE,,,,,,,,,,,,1,4,,,,NE,FRENCHMAN CREEK TR,MST/MDT
1136,-122.3483134,42.37807137,,FISH LAKE DAM,,,,,,,,,,,,4,16,,,,OR,NORTH FORK LAKE CREEK,PST/PDT
1137,-109.4219674,40.91496937,,FLAMING GORGE DAM,,,,Flaming_Gorge_Dam,1,1,,,1,57,2,5,20,,,,UT,GREEN RIVER,MST/MDT
1138,-105.2284844,40.37232637,,FLATIRON DAM,,,,,,,,,,,,1,2,,,,CO,CHIMNEY HOLLOW CREEK,MST/MDT
1139,-121.1566894,38.70766737,,FOLSOM DAM,,,,Folsom_Dam,1,1,,,1,67,4,3,11,,,,CA,AMERICAN RIVER,PST/PDT
1140,-121.1467324,38.76269537,,FOLSOM DIKE 1,,,,,,,,,,,,3,11,,,,CA,NORTH FORK AMERICAN RIVER OS,PST/PDT
1141,-121.1490834,38.75542237,,FOLSOM DIKE 2,,,,,,,,,,,,3,11,,,,CA,NORTH FORK AMERICAN RIVER OS,PST/PDT
1142,-121.1493174,38.75057537,,FOLSOM DIKE 3,,,,,,,,,,,,3,11,,,,CA,NORTH FORK AMERICAN RIVER OS,PST/PDT
1143,-121.1641984,38.73360637,,FOLSOM DIKE 4,,,,,,,,,,,,3,11,,,,CA,NORTH FORK AMERICAN RIVER OS,PST/PDT
1144,-121.1707194,38.72961337,,FOLSOM DIKE 5,,,,,,,,,,,,3,11,,,,CA,NORTH FORK AMERICAN RIVER OS,PST/PDT
1145,-121.1712574,38.72308037,,FOLSOM DIKE 6,,,,,,,,,,,,3,11,,,,CA,NORTH FORK AMERICAN RIVER OS,PST/PDT
1146,-121.1422564,38.69531737,,FOLSOM DIKE 7,,,,,,,,,,,,3,11,,,,CA,GREEN VALLEY,PST/PDT
1147,-121.1329714,38.69331137,,FOLSOM DIKE 8,,,,,,,,,,,,3,11,,,,CA,SOUTH FORK AMERICAN RIVER OS,PST/PDT
1148,-121.1518984,38.70547437,,FOLSOM LEFT WING DAM,,,,,,,,,,,,3,11,,,,CA,AMERICAN RIVER,PST/PDT
1149,-121.1654554,38.71007037,,FOLSOM RIGHT WING DAM,,,,,,,,,,,,3,11,,,,CA,AMERICAN RIVER,PST/PDT
1150,-110.0595774,42.02884137,,FONTENELLE DAM,,,,Fontenelle_Dam,0,0,,,,65,1,5,20,,,,WY,GREEN RIVER,MST/MDT
1151,-98.45474635,35.16119236,,FORT COBB DAM,,,,,,,,,,,,1,5,,,,OK,COBB CREEK. POND CREEK,CST/CDT
1152,-107.9255534,45.31248737,,FORT SMITH SEWAGE PONDS DAM,,,,,,,,,,,,1,3,,,,MT,BIGHORN RIVER OS,MST/MDT
1153,-107.9155434,39.07763237,,FORTY ACRE LAKE DAM,,,,,,,,,,,,5,21,,,,CO,BIG CREEK,MST/MDT
1154,-107.9132204,39.07575837,,FORTY ACRE LAKE DIKE,,,,,,,,,,,,5,21,,,,CO,BIG CREEK TR,MST/MDT
1155,-99.18378935,35.54717536,,FOSS DAM,,,,,,,,,,,,1,5,,,,OK,WASHITA RIVER,CST/CDT
1156,-122.2437184,42.45526437,,FOURMILE LAKE DAM,,,,,,,,,,,,4,16,,,,OR,FOURMILE LAKE OUTLET,PST/PDT
1157,-120.7921094,46.71158837,,FRENCH CANYON DAM,,,,,,,,,,,,4,18,,,,WA,NORTH FORK COWICHE,PST/PDT
1158,-109.9458354,48.59955638,,FRESNO DAM,,,,,,,,,,,,1,3,,,,MT,MILK RIVER,MST/MDT
1159,-119.7050264,37.00034737,,FRIANT DAM,,,,Friant_Dam,2,1,,,1,60,2,3,15,,,,CA,SAN JOAQUIN RIVER,PST/PDT
1160,-119.6849244,36.98716637,,FRIANT DIKE 1,,,,,,,,,,,,3,15,,,,CA,SAN JOAQUIN RIVER OS,PST/PDT
1161,-119.6836304,36.98678037,,FRIANT DIKE 2,,,,,,,,,,,,3,15,,,,CA,SAN JOAQUIN RIVER OS,PST/PDT
1162,-119.6829034,36.98569037,,FRIANT DIKE 3,,,,,,,,,,,,3,15,,,,CA,SAN JOAQUIN RIVER OS,PST/PDT
1163,-119.6853544,36.98622537,,FRIANT MILLERTON RD EMBANKMENT,,,,,,,,,,,,3,15,,,,CA,SAN JOAQUIN RIVER OS,PST/PDT
1164,-107.9548794,38.82671037,,FRUITGROWERS DAM,,,,,,,,,,,,5,21,,,,CO,ALFALFA RUN CREEK,MST/MDT
1165,-122.2885074,39.32917137,,FUNKS DAM,,,,,,,,,,,,3,14,,,,CA,FUNKS CREEK,PST/PDT
1166,-121.1299724,42.20130237,,GERBER DAM,,,,,,,,,,,,3,12,,,,OR,MILLER CREEK,PST/PDT
1167,-112.7616644,47.60143638,,GIBSON DAM,,,,,,,,,,,,1,3,,,,MT,NORTH FORK SUN RIVER,MST/MDT
1168,-119.8801314,34.47136936,,GLEN ANNE DAM,,,,,,,,,,,,3,15,,,,CA,W FORK GLEN ANNE CANYON CREEK,PST/PDT
1169,-111.4841804,36.93780337,,GLEN CANYON DAM,,,,Glen_Canyon_Dam,1,1,,,1,66,4,5,21,,,,AZ,COLORADO RIVER,MST/MST
1170,-98.31480435,39.48588837,,GLEN ELDER DAM,,,,,,,,,,,,1,4,,,,KS,SOLOMAN RIVER,CST/CDT
1171,-104.9502494,42.47933537,,GLENDO DAM,,,,,,,,,,,,1,6,,,,WY,NORTH PLATTE RIVER,MST/MDT
1172,-104.9915224,42.47202737,,GLENDO DIKE NO. 1,,,,,,,,,,,,1,6,,,,WY,NORTH PLATTE RIVER OS,MST/MDT
1173,-104.9895654,42.47110737,,GLENDO DIKE NO. 2,,,,,,,,,,,,1,6,,,,WY,NORTH PLATTE RIVER OS,MST/MDT
1174,-104.9866844,42.47062937,,GLENDO DIKE NO. 3,,,,,,,,,,,,1,6,,,,WY,NORTH PLATTE RIVER OS,MST/MDT
1176,-122.5161364,39.35566737,,GORDON DIKE,,,,,,,,,,,,3,14,,,,CA,LITTLE STONY CREEK OS,PST/PDT
1177,-105.8673864,40.14859337,,GRANBY DAM,,,,,,,,,,,,5,21,,,,CO,COLORADO RIVER,MST/MDT
1178,-105.8838634,40.14294337,,GRANBY DIKE 1,,,,,,,,,,,,5,21,,,,CO,COLORADO RIVER,MST/MDT
1179,-105.8793804,40.14565037,,GRANBY DIKE 2,,,,,,,,,,,,5,21,,,,CO,COLORADO RIVER,MST/MDT
1180,-105.8569494,40.13678337,,GRANBY DIKE 3,,,,,,,,,,,,5,21,,,,CO,COLORADO RIVER TR,MST/MDT
1181,-105.8888484,40.14207237,,GRANBY DIKE 4,,,,,,,,,,,,5,21,,,,CO,COLORADO RIVER,MST/MDT
1182,-118.9815054,47.95604038,,GRAND COULEE DAM,,,,Grand_Coulee_Dam,1,1,,,1,64,4,4,18,,,,WA,COLUMBIA RIVER,PST/PDT
1183,-111.6915274,33.51576736,,GRANITE REEF DIVERSION DAM,,,,,,,,,,,,2,8,,,,AZ,SALT RIVER,MST/MST
1184,-110.8183224,44.13084937,,GRASSY LAKE DAM,,,,,,,,,,,,4,17,,,,WY,GRASSY CREEK,MST/MDT
1185,-106.7014004,42.56519437,,GRAY REEF DAM,,,,,,,,,,,,1,6,,,,WY,NORTH PLATE RIVER,MST/MDT
1186,-108.5875584,37.51102337,,GREAT CUT DIKE,,,,,,,,,,,,5,21,,,,CO,NARRAGUINEP RIVER,MST/MDT
1187,-106.3303434,39.87749137,,GREEN MOUNTAIN DAM,,,,,,,,,,,,5,21,,,,CO,BLUE RIVER,MST/MDT
1188,-104.7640634,42.29013237,,GUERNSEY DAM,,,,,,,,,,,,1,6,,,,WY,NORTH PLATTE RIVER,MST/MDT
1189,-121.1554024,44.49902137,,HAYSTACK DAM,,,,,,,,,,,,4,16,,,,OR,HAYSTACK CREEK OS,PST/PDT
1190,-101.8102804,46.59675637,,HEART BUTTE DAM,,,,,,,,,,,,1,1,,,,ND,HEART RIVER,MST/MDT
1191,-101.8139274,46.59172037,,HEART BUTTE DIKE,,,,,,,,,,,,1,1,,,,ND,HEART RIVER OS,MST/MDT
1192,-111.8829254,46.64114937,,HELENA VALLEY DAM,,,,Helena_Valley_Dam,2,0,,,,33,1,1,3,,,,MT,TENMILE CREEK TR,MST/MDT
1193,-111.8828654,46.63796737,,HELENA VALLEY DIKE,,,,,,,,,,,,1,3,,,,MT,TENMILE CREEK TR,MST/MDT
1194,-106.7058974,36.66583436,,HERON DAM,,,,,,,,,,,,5,19,,,,NM,WILLOW CREEK,MST/MDT
1195,-106.7253464,36.67380936,,HERON DIKE,,,,,,,,,,,,5,19,,,,NM,WILLOW CREEK TR,MST/MDT
1196,-114.7372864,36.01620036,,HOOVER DAM,,,,Hoover_Dam,8,1,,,2,27,4,2,7,,,,NV,COLORADO RIVER,MST/MST
1197,-111.3437874,33.59081236,,HORSE MESA DAM,,,,,,,,,,,,2,8,,,,AZ,SALT RIVER,MST/MST
1198,-111.7085744,33.98358736,,HORSESHOE DAM,,,,,,,,,,,,2,8,,,,AZ,VERDE RIVER,MST/MST
1199,-105.1713174,40.59952637,,HORSETOOTH DAM,,,,,,,,,,,,1,2,,,,CO,CACHE LA POUDRE TR,MST/MDT
1200,-122.3772884,42.21667437,,HOWARD PRAIRIE DAM,,,,,,,,,,,,4,16,,,,OR,JENNY CREEK,PST/PDT
1201,-116.3594034,43.51202837,,HUBBARD DAM,,,,,,,,,,,,4,17,,,,ID,MASON CREEK,MST/MDT
1202,-114.0126384,48.34134638,,HUNGRY HORSE DAM,,,,Hungry_Horse_Dam,1,1,,,1,19,4,4,18,,,,MT,SOUTH FORK FLATHEAD RIVER,MST/MDT
1203,-110.9501044,39.34261837,,HUNTINGTON NORTH DAM,,,,,,,,,,,,5,20,,,,UT,HUNTINGTON CREEK OS,MST/MDT
1204,-110.9421344,39.34256337,,HUNTINGTON NORTH EAST DIKE,,,,,,,,,,,,5,20,,,,UT,HUNTINGTON CREEK OS,MST/MDT
1205,-110.9537964,39.34943237,,HUNTINGTON NORTH WEST DIKE,,,,,,,,,,,,5,20,,,,UT,HUNTINGTON CREEK OS,MST/MDT
1206,-122.4680474,42.17159037,,HYATT DAM,,,,,,,,,,,,4,16,,,,OR,KEENE CREEK,PST/PDT
1207,-111.8734564,41.62404337,,HYRUM DAM,,,,Hyrum_Dam,1,1,,,1,25,2,5,20,,,,UT,LITTLE BEAR RIVER,MST/MDT
1208,-114.4670004,32.88331036,,IMPERIAL DIVERSION DAM,,,,Imperial_Dam,1,0,,,,59,1,2,10,,,,CA,COLORADO RIVER,PST/PDT
1209,-111.3962774,44.41889137,,ISLAND PARK DAM,,,,,,,,,,,,4,17,,,,ID,HENRYS FORK,MST/MDT
1210,-108.2744734,37.39867237,,JACKSON GULCH DAM,,,,,,,,,,,,5,21,,,,CO,WEST MANCOS RIVER OS,MST/MDT
1211,-110.5898884,43.85815137,,JACKSON LAKE DAM,,,,Jackson_Lake_Dam,4,1,,,2,9,4,4,17,,,,WY,NORTH FORK SNAKE RIVER,MST/MDT
1212,-98.23879235,44.59738037,,JAMES DIVERSION DAM,,,,,,,,,,,,1,1,,,,SD,JAMES RIVER,CST/CDT
1213,-98.70873635,46.93098538,,JAMESTOWN DAM,,,,,,,,,,,,1,1,,,,ND,JAMES RIVER,CST/CDT
1214,-111.2699154,39.28853837,,JOES VALLEY DAM,,,,Joes_Valley_Dam,2,1,,,1,51,1,5,20,,,,UT,SEELY CREEK,MST/MDT
1215,-111.4235584,40.59853837,,JORDANELLE DAM,,,,Jordanelle_Dam,2,1,,,1,39,4,5,20,,,,UT,PROVO,MST/MDT
1216,-121.2057404,47.26446438,,KACHESS DAM,,,,Kachess_Dam,2,1,,,1,45,2,4,18,,,,WA,KACHESS RIVER,PST/PDT
1217,-121.1916044,47.26533538,,KACHESS DIKE,,,,,,,,,,,,4,18,,,,WA,KACHESS RIVER TR,PST/PDT
1218,-121.3392444,47.32211838,,KEECHELUS DAM,,,,,,,,,,,,4,18,,,,WA,YAKIMA RIVER,PST/PDT
1219,-122.4786964,42.12918137,,KEENE CREEK DAM,,,,,,,,,,,,4,16,,,,OR,KEENE CREEK,PST/PDT
1220,-122.4458294,40.61219037,,KESWICK DAM,,,,Keswick_Dam,1,1,,,1,37,2,3,14,,,,CA,SACRAMENTO RIVER,PST/PDT
1221,-104.7786634,44.38262337,,KEYHOLE DAM,,,,,,,,,,,,1,1,,,,WY,BELLE FOURCHE RIVER,MST/MDT
1222,-99.12758635,39.66266037,,KIRWIN DAM,,,,,,,,,,,,1,4,,,,KS,NORTH FORK SOLOMON RIVER,CST/CDT
1223,-107.9525244,39.08067637,,KITSON DAM,,,,,,,,,,,,5,21,,,,CO,COTTONWOOD CREEK,MST/MDT
1224,-106.8811544,42.17405737,,KORTES DAM,,,,,,,,,,,,1,6,,,,WY,NORTH PLATTE RIVER,MST/MDT
1225,-114.4946224,32.82363936,,LAGUNA DIVERSION DAM,,,,,,,,,,,,2,10,,,,AZ,COLORADO RIVER,PST/PDT
1226,-119.0666324,39.46209037,,LAHONTAN DAM,,,,Lahontan_Dam,10,0,,,,20,1,3,13,,,,NV,CARSON RIVER,PST/PDT
1227,-103.6281084,41.98861737,,LAKE ALICE NO. 1 DAM,,,,,,,,,,,,1,6,,,,NE,NORTH PLATTE RIVER OS,MST/MDT
1228,-103.5964854,41.98339837,,LAKE ALICE NO. 1-1/2 DAM,,,,,,,,,,,,1,6,,,,NE,NORTH PLATTE RIVER OS,MST/MDT
1229,-103.5726974,41.96217137,,LAKE ALICE NO. 2 DAM,,,,,,,,,,,,1,6,,,,NE,NORTH PLATTE RIVER OS,MST/MDT
1230,-108.2454214,43.29260137,,LAKE CAMEAHWAIT DAM,,,,,,,,,,,,1,6,,,,WY,COTTONWOOD DRAIN,MST/MDT
1231,-113.5213774,48.82830238,,LAKE SHERBURNE DAM,,,,,,,,,,,,1,3,,,,MT,SWIFTCURRENT CREEK,MST/MDT
1232,-120.1440224,39.16709437,,LAKE TAHOE DAM,,,,,,,,,,,,3,13,,,,CA,TRUCKEE RIVER,PST/PDT
1233,-107.8478574,39.11263337,,LAMBERT DAM,,,,,,,,,,,,1,2,,,,CO,INDIAN CREEK-TR,MST/MDT
1234,-119.7274914,34.45408436,,LAURO DAM,,,,Lauro_Dam,1,1,,,1,13,4,3,15,,,,CA,DIABLO CREEK,PST/PDT
1235,-106.2880844,39.27394037,,LEADVILLE TREATMENT PLANT,,,,,,,,,,,,1,2,,,,LE,ADVILLE MINE DRAINAGE TUNNEL,MST/MDT
1236,-106.9231744,32.49713336,,LEASBURG DIVERSION DAM,,,,,,,,,,,,5,19,,,,NM,RIO GRANDE RIVER,MST/MDT
1237,-107.6607814,37.38176537,,LEMON DAM,,,,,,,,,,,,5,21,,,,CO,FLORIDA RIVER,MST/MDT
1238,-122.7931154,40.72638837,,LEWISTON DAM,,,,,,,,,,,,3,14,,,,CA,TRINITY RIVER,PST/PDT
1239,-121.8019854,42.23397637,,LINK RIVER DIVERSION DAM,,,,Link_River_Dam,1,1,,,1,24,2,3,12,,,,OR,KLAMATH RIVER,PST/PDT
1240,-105.3242884,40.36347037,,LITTLE HELL CREEK DIVERSION DAM,,,,,,,,,,,,1,2,,,,CO,LITTLE HELL CREEK,MST/MDT
1241,-107.9535944,39.09616337,,LITTLE MEADOWS DAM,,,,,,,,,,,,5,21,,,,CO,COTTONWOOD CREEK TR,MST/MDT
1242,-120.7970704,36.78338037,,LITTLE PANOCHE DETENTION DAM,,,,Little_Panoche_Dam,10,0,,,,15,1,3,15,,,,CA,LITTLE PANOCHE CREEK,PST/PDT
1243,-114.0267584,43.42617637,,LITTLE WOOD RIVER DAM,,,,,,,,,,,,4,17,,,,ID,LITTLE WOOD RIVER,MST/MDT
1244,-120.9312004,36.99135037,,LOS BANOS CREEK DETENTION DIKE,,,,Los_Banos_Detention_Dam,1,1,,,1,16,2,3,15,,,,CA,LOS BANOS CREEK,PST/PDT
1245,-111.3988604,41.18417137,,LOST CREEK DAM,,,,Lost_Creek_Dam,1,1,,,1,32,1,5,20,,,,UT,LOST CREEK,MST/MDT
1246,-110.9415834,40.67421337,,LOST LAKE DAM,,,,,,,,,,,,5,20,,,,UT,SOAPSTONE CREEK,MST/MDT
1247,-121.6721294,42.14251237,,LOST RIVER DIVERSION DAM,,,,,,,,,,,,3,12,,,,OR,LOST RIVER,PST/PDT
1248,-98.02682535,39.89020137,,LOVEWELL DAM,,,,,,,,,,,,1,4,,,,KS,WHITE ROCK CREEK,CST/CDT
1249,-119.2836044,46.91869738,,LOWER GOOSE LAKE DAM,,,,,,,,,,,,4,18,,,,WA,CRAB CREEK,PST/PDT
1250,-101.8024284,33.67317036,,LUBBOCK TERMINAL LEVEE DAM,,,,,,,,,,,,1,5,,,,TX,BRAZOS RIVER OS,CST/CDT
1251,-106.9116074,32.48002536,,LUCERO DIKE,,,,,,,,,,,,5,19,,,,NM,LUCERO ARROYO,MST/MDT
1252,-118.3996304,43.15374537,,MAHON'S DAM,,,,,,,,,,,,4,17,,,,OR,CAMP CREEK,PST/PDT
1253,-121.2231014,42.00648037,,MALONE DIVERSION DAM,,,,,,,,,,,,3,12,,,,OR,LOST RIVER,PST/PDT
1254,-116.8956794,44.39158337,,MANN CREEK DAM,,,,,,,,,,,,4,17,,,,ID,MANN CREEK,MST/MDT
1255,-119.3929594,39.85533837,,MARBLE BLUFF DAM,,,,,,,,,,,,3,13,,,,NV,TRUCKEE,PST/PDT
1256,-97.90735935,30.39237436,,MARSHALL FORD DAM,,,,,,,,,,,,1,5,,,,TX,COLORADO RIVER,CST/CDT
1257,-97.90250835,30.38808336,,MARSHALL FORD LEFT SADDLE DIKE,,,,,,,,,,,,1,5,,,,TX,COLORADO RIVER OS,CST/CDT
1258,-97.90491435,30.38857036,,MARSHALL FORD LEFT WING DIKE,,,,,,,,,,,,1,5,,,,TX,COLORADO RIVER,CST/CDT
1259,-97.90829135,30.39381736,,MARSHALL FORD RIGHT WING DIKE,,,,,,,,,,,,1,5,,,,TX,COLORADO RIVER,CST/CDT
1260,-97.90882335,30.39455136,,MARSHALL FORD RT SADDLE DIKE,,,,,,,,,,,,1,5,,,,TX,COLORADO RIVER OS,CST/CDT
1261,-122.1084274,38.01064137,,MARTINEZ DAM,,,,Martinez_Dam,1,1,,,1,10,2,3,15,,,,CA,PACHECO CREEK OS,PST/PDT
1262,-105.5303324,40.34580537,,MARYS LAKE DIKE NO. 1,,,,,,,,,,,,1,2,,,,CO,FISH CREEK TR,MST/MDT
1263,-105.5301824,40.34224337,,MARYS LAKE DIKE NO. 2,,,,,,,,,,,,1,2,,,,CO,FISH CREEK TR,MST/MDT
1264,-117.9999434,44.67210037,,MASON DAM,,,,,,,,,,,,4,17,,,,OR,POWDER RIVER,PST/PDT
1266,-95.87349834,34.31355336,,MCGEE CREEK DAM,,,,,,,,,,,,1,5,,,,OK,MCGEE CREEK,CST/CDT
1267,-95.91558334,34.33429936,,MCGEE CREEK DIKE,,,,,,,,,,,,1,5,,,,OK,POTAPO CREEK OS,CST/CDT
1268,-118.7955294,45.60586537,,MCKAY DAM,,,,McKay_Dam,2,1,,,1,76,2,4,16,,,,OR,MCKAY CREEK,PST/PDT
1269,-108.5719724,37.57713037,,MCPHEE DAM,,,,McPhee_Dam,4,0,,,,77,1,5,21,,,,CO,DELORES RIVER,MST/MDT
1270,-100.2197853,40.37811337,,MEDICINE CREEK DAM,,,,,,,,,,,,1,4,,,,NE,MEDICINE CREEK,CST/CDT
1271,-110.5804234,41.02559237,,MEEKS CABIN DAM,,,,,,,,,,,,5,20,,,,WY,BLACKS FORK RIVER,MST/MDT
1272,-100.8729183,42.63345237,,MERRITT DAM,,,,,,,,,,,,1,4,,,,NE,SNAKE RIVER,CST/CDT
1273,-106.7982724,32.22784036,,MESILLA DIVERSION DAM,,,,,,,,,,,,5,19,,,,NM,RIO GRANDE RIVER,MST/MDT
1274,-108.3230924,43.31402937,,MIDDLE COTTONWOOD DAM,,,,,,,,,,,,1,6,,,,WY,COTTONWOOD DRAIN,MST/MDT
1275,-99.77405135,41.75064437,,MILBURN DIVERSION DAM,,,,,,,,,,,,1,4,,,,NE,MIDDLE LOUP RIVER,CST/CDT
1276,-103.4928184,41.91809937,,MINATARE DAM,,,,,,,,,,,,1,6,,,,NE,NINE MILE CREEK TR,MST/MDT
1277,-113.4839844,42.66922337,,MINIDOKA DAM,,,,,,,,,,,,4,17,,,,ID,SNAKE RIVER,MST/MDT
1278,-113.4865554,42.66206237,,MINIDOKA SOUTH DIKE,,,,,,,,,,,,4,17,,,,ID,SNAKE RIVER TR,MST/MDT
1279,-113.4863084,42.66590237,,MINIDOKA SPILLWAY DAM,,,,,,,,,,,,4,17,,,,ID,SNAKE RIVER,MST/MDT
1280,-122.1044374,38.51352437,,MONTICELLO DAM,,,,Monticello_Dam,1,1,,,1,3,4,3,11,,,,CA,PUTAH CREEK,PST/PDT
1281,-110.4883114,40.56169537,,MOON LAKE DAM,,,,,,,,,,,,5,20,,,,UT,LAKE FORK RIVER,MST/MDT
1282,-111.4429444,33.55343436,,MORMON FLAT DAM,,,,,,,,,,,,2,8,,,,AZ,SALT RIVER,MST/MST
1283,-121.1168744,38.69969637,,MORMON ISLAND AUXILIARY DAM,,,,Mormon_Island_Dam,2,1,,,1,63,2,3,11,,,,CA,BLUE RAVINE,PST/PDT
1284,-107.5379254,38.45202437,,MORROW POINT DAM,,,,Morrow_Point_Dam,2,1,,,1,36,2,5,21,,,,CO,GUNNISON RIVER,MST/MDT
1285,-119.3337404,47.07993138,,MOSES LAKE SOUTH DAM,,,,,,,,,,,,4,18,,,,WA,CRAB CREEK,PST/PDT
1286,-106.3657554,39.10315837,,MT. ELBERT FOREBAY IN/OUT DIKE,,,,,,,,,,,,1,2,,,,CO,LAKE CREEK OS,MST/MDT
1287,-106.3534444,39.10219537,,MT. ELBERT FOREBAY SADDLE DIKE,,,,,,,,,,,,1,2,,,,CO,LAKE CREEK OS,MST/MDT
1288,-98.98742235,34.73871836,,MOUNTAIN PARK DAM,,,,,,,,,,,,1,5,,,,OK,WEST OTTER CREEK,CST/CDT
1289,-98.96617335,34.74942836,,MOUNTAIN PARK EAST DIKE,,,,,,,,,,,,1,5,,,,OK,EAST OTTER CREEK TR,CST/CDT
1290,-99.02701835,34.73472636,,MOUNTAIN PARK WEST DIKE,,,,,,,,,,,,1,5,,,,OK,NORTH FORK RED RIVER,CST/CDT
1291,-106.3564994,39.11112037,,MT. ELBERT FOREBAY DAM,,,,,,,,,,,,1,2,,,,CO,BOX CREEK TR,MST/MDT
1292,-105.9058954,35.84600136,,NAMBE FALLS DAM,,,,,,,,,,,,5,19,,,,NM,RIO NAMBE RIVER,MST/MDT
1293,-107.6114234,36.80143637,,NAVAJO DAM,,,,,,,,,,,,5,21,,,,NM,SAN JUAN RIVER,MST/MDT
1294,-107.5465394,48.52784438,,NELSON DIKE A,,,,,,,,,,,,1,3,,,,MT,MILK RIVER OS,MST/MDT
1295,-107.5302364,48.53260638,,NELSON DIKE B,,,,,,,,,,,,1,3,,,,MT,MILK RIVER OS,MST/MDT
1296,-107.5219044,48.53354838,,NELSON DIKE C,,,,,,,,,,,,1,3,,,,MT,MILK RIVER OS,MST/MDT
1297,-107.5188664,48.52857038,,NELSON DIKE D,,,,,,,,,,,,1,3,,,,MT,MILK RIVER OS,MST/MDT
1298,-107.5195884,48.52413438,,NELSON DIKE DA,,,,,,,,,,,,1,3,,,,MT,MILK RIVER OS,MST/MDT
1299,-107.9390704,39.09265337,,NEVERSWEAT DAM,,,,,,,,,,,,5,21,,,,CO,COTTONWOOD CREEK,MST/MDT
1300,-120.5240184,37.94896037,,NEW MELONES DAM,,,,New_Melones_Dam,1,1,,,1,69,2,3,11,,,,CA,STANISLAUS RIVER,PST/PDT
1301,-112.2658334,33.84683636,,NEW WADDELL DAM,,,,New_Waddell_Dam,1,1,,,1,75,2,2,8,,,,AZ,AGUA FRIA,MST/MST
1302,-111.9731404,41.89571937,,NEWTON DAM,,,,Newton_Dam,2,0,,,,23,1,5,20,,,,UT,CLARKSTON CREEK,MST/MDT
1303,-121.2196814,38.63609837,,NIMBUS DAM,,,,,,,,,,,,3,11,,,,CA,AMERICAN RIVER,PST/PDT
1304,-97.21763535,35.22346336,,NORMAN DAM,,,,,,,,,,,,1,5,,,,OK,LITTLE RIVER,CST/CDT
1305,-119.0174824,47.94047438,,NORTH DAM,,,,,,,,,,,,4,18,,,,WA,UPPER GRAND COULEE RIVER,PST/PDT
1306,-114.4846584,32.91632636,,NORTH DIKE,,,,,,,,,,,,2,10,,,,CA,SENATOR WASH OS,PST/PDT
1307,-119.0443354,46.71706637,,SCOOTENEY - NORTH DIKE,,,,,,,,,,,,4,18,,,,WA,COLUMBIA RIVER OS,PST/PDT
1308,-99.93126835,39.80416937,,NORTON DAM,,,,,,,,,,,,1,4,,,,KS,PRAIRIE DOG CREEK,CST/CDT
1309,-120.7258094,44.29829337,,OCHOCO DAM,,,,,,,,,,,,4,16,,,,OR,OCHOCO CREEK,PST/PDT
1310,-105.4876384,40.37547937,,OLYMPUS DAM,,,,,,,,,,,,1,2,,,,CO,BIG THOMPSON RIVER,MST/MDT
1311,-121.0441314,37.09137237,,O'NEILL FOREBAY DAM,,,,O_Neill_Forebay_Dam,1,1,,,1,4,4,3,15,,,,CA,SAN LUIS CREEK,PST/PDT
1312,-121.0569974,37.10861237,,O'NEILL FOREBAY DIKE,,,,,,,,,,,,3,15,,,,CA,SAN LUIS CREEK OS,PST/PDT
1314,-119.5926764,34.43158636,,ORTEGA DAM,,,,,,,,,,,,3,15,,,,CA,SANTA YNEZ RIVER OS,PST/PDT
1315,-119.2670984,46.98151738,,O'SULLIVAN DAM,,,,,,,,,,,,4,18,,,,WA,LOWER CRAB CREEK,PST/PDT
1316,-117.2426024,43.64194837,,OWYHEE DAM,,,,,,,,,,,,4,17,,,,OR,OWYHEE RIVER,MST/MDT
1317,-121.1800574,37.06192837,,PACHECO PUMPING PLANT,,,,Pacheco_Pumping_Plant,2,1,,,1,38,2,3,15,,,,CA,,PST/PDT
1318,-103.4863444,44.07124137,,PACTOLA DAM,,,,,,,,,,,,1,1,,,,SD,RAPID CREEK,MST/MDT
1319,-103.4893774,44.07719537,,PACTOLA DIKE 1,,,,,,,,,,,,1,1,,,,SD,RAPID CREEK TR,MST/MDT
1320,-103.4905124,44.07974637,,PACTOLA DIKE 2,,,,,,,,,,,,1,1,,,,SD,RAPID CREEK TR,MST/MDT
1321,-111.2020104,43.33256037,,PALISADES DAM,,,,Palisades_Dam,2,1,,,1,26,2,4,17,,,,ID,SOUTH FORK SNAKE RIVER,MST/MDT
1322,-96.58316634,28.88925436,,PALMETTO BEND DAM,,,,,,,,,,,,1,5,,,,TX,NAVIDAD RIVER,CST/CDT
1323,-96.54387034,28.89543036,,PALMETTO BEND EAST DIKE,,,,,,,,,,,,1,5,,,,TX,NAVIDAD RIVER,CST/CDT
1324,-96.58740434,28.90613636,,PALMETTO BEND WEST DIKE,,,,,,,,,,,,1,5,,,,TX,NAVIDAD RIVER,CST/CDT
1325,-114.5107924,33.73280636,,PALO VERDE DIVERSION DAM,,,,Palo_Verde_Dam,2,1,,,1,73,1,2,10,,,,AZ,COLORADO RIVER,PST/PDT
1326,-107.3524704,38.94183037,,PAONIA DAM,,,,,,,,,,,,5,21,,,,CO,MUDDY CREEK,MST/MDT
1327,-109.1902204,48.56621638,,PARADISE DIVERSION DAM,,,,,,,,,,,,1,3,,,,MT,MILK RIVER,MST/MDT
1328,-108.8950034,38.29655137,,PARADOX VALLEY INJECTION WELL,,,,Paradox_Valley_Plant,2,1,,,1,,4,5,21,,,,CO,DELORES,MST/MDT
1329,-114.1392614,34.29667936,,PARKER DAM,,,,,,,,,,,,2,7,,,,AZ,COLORADO RIVER,PST/PDT
1330,-106.8540544,42.46797537,,PATHFINDER DAM,,,,,,,,,,,,1,6,,,,WY,NORTH PLATTE RIVER,MST/MDT
1331,-106.8525504,42.46473137,,PATHFINDER DIKE,,,,,,,,,,,,1,6,,,,WY,NORTH PLATTE RIVER OS,MST/MDT
1332,-107.3164464,32.89621536,,PERCHA ARROYO DIVERSION DAM,,,,,,,,,,,,5,19,,,,NM,RIO GRANDE RIVER,MST/MDT
1333,-107.3037434,32.86855336,,PERCHA DIVERSION DAM,,,,,,,,,,,,5,19,,,,NM,RIO GRANDE RIVER,MST/MDT
1334,-106.8555854,32.35581936,,PICACHO NORTH DAM,,,,,,,,,,,,5,19,,,,NM,NORTH BRANCH PICACHO ARROYO,MST/MDT
1335,-106.8588814,32.34341636,,PICACHO SOUTH DAM,,,,,,,,,,,,5,19,,,,NM,SOUTH BRANCH PICACHO ARROYO,MST/MDT
1336,-108.7561144,43.19531737,,PILOT BUTTE DAM,,,,,,,,,,,,1,6,,,,WY,WIND RIVER TR,MST/MDT
1337,-111.8423274,41.25438637,,PINEVIEW DAM,,,,Pineview_Dam,1,1,,,1,11,4,5,20,,,,UT,OGDEN RIVER,MST/MDT
1338,-119.2498424,47.44710938,,PINTO DAM,,,,,,,,,,,,4,18,,,,WA,CRAB CREEK OS,PST/PDT
1339,-112.4515814,47.69141838,,PISHKUN DIKE 1,,,,,,,,,,,,1,3,,,,MT,DEEP CREEK TR,MST/MDT
1340,-112.4475034,47.68772238,,PISHKUN DIKE 2,,,,,,,,,,,,1,3,,,,MT,DEEP CREEK TR,MST/MDT
1341,-112.4854874,47.67083638,,PISHKUN DIKE 3,,,,,,,,,,,,1,3,,,,MT,DEEP CREEK OS,MST/MDT
1342,-112.4952834,47.67615738,,PISHKUN DIKE 4,,,,,,,,,,,,1,3,,,,MT,DEEP CREEK OS,MST/MDT
1343,-112.5015384,47.67470238,,PISHKUN DIKE 5,,,,,,,,,,,,1,3,,,,MT,DEEP CREEK OS,MST/MDT
1344,-112.5044524,47.67477338,,PISHKUN DIKE 6,,,,,,,,,,,,1,3,,,,MT,DEEP CREEK OS,MST/MDT
1345,-112.5041574,47.67684938,,PISHKUN DIKE 7,,,,,,,,,,,,1,3,,,,MT,DEEP CREEK OS,MST/MDT
1346,-112.4786694,47.69600038,,PISHKUN DIKE 8,,,,,,,,,,,,1,3,,,,MT,DEEP CREEK OS,MST/MDT
1347,-106.5457384,37.35104837,,PLATORO DAM,,,,,,,,,,,,5,19,,,,CO,CONEJOS RIVER,MST/MDT
1348,-106.5486704,37.35176637,,PLATORO DIKE,,,,,,,,,,,,5,19,,,,CO,CONEJOS RIVER,MST/MDT
1349,-120.2506794,36.30816036,,PLEASANT VALLEY PUMPING PLANT,,,,Pleasant_Valley_Pumping_Plant,0,,,,,44,1,3,15,,,,CA,,PST/PDT
1350,-105.3239144,40.36446637,,POLE HILL CREEK DIVERSION DAM,,,,,,,,,,,,1,2,,,,CO,POLE HILL CREEK,MST/MDT
1351,-115.4767054,42.70761437,,POT HOLE CREEK DAM,,,,,,,,,,,,4,17,,,,ID,POT HOLE CREEK,MST/MDT
1352,-120.1385074,39.37892037,,PROSSER CREEK DAM,,,,,,,,,,,,3,13,,,,CA,PROSSER CREEK,PST/PDT
1353,-119.7725904,46.21254037,,PROSSER DIVERSION DAM,,,,,,,,,,,,4,18,,,,WA,YAKIMA RIVER,PST/PDT
1354,-104.7253394,38.26867037,,PUEBLO DAM,,,,,,,,,,,,1,2,,,,CO,ARKANSAS RIVER,MST/MDT
1355,-122.0051524,38.49404637,,PUTAH DIVERSION DAM,,,,,,,,,,,,3,11,,,,CA,PUTAH CREEK,PST/PDT
1356,-122.6045154,39.37058837,,RAINBOW DIVERSION DAM,,,,,,,,,,,,3,14,,,,CA,STONEY CREEK,PST/PDT
1357,-105.2872704,40.36801037,,RATTLESNAKE DAM,,,,,,,,,,,,1,2,,,,CO,RATTLESNAKE CREEK,MST/MDT
1358,-111.8651264,33.67124436,,REACH 11 DETENTION DIKE 1,,,,,,,,,,,,2,8,,,,AZ,NONE,MST/MST
1359,-111.9488954,33.64608636,,REACH 11 DETENTION DIKE 2,,,,,,,,,,,,2,8,,,,AZ,NONE,MST/MST
1360,-111.9162094,33.63728336,,REACH 11 DETENTION DIKE 3,,,,,,,,,,,,2,8,,,,AZ,NONE,MST/MST
1361,-111.8736064,33.62839836,,REACH 11 DETENTION DIKE 4,,,,,,,,,,,,2,8,,,,AZ,NONE,MST/MST
1362,-122.2023944,40.15342937,,RED BLUFF DIVERSION DAM,,,,,,,,,,,,3,14,,,,CA,SACRAMENTO RIVER,PST/PDT
1363,-122.2021154,40.15186337,,RED BLUFF DIVERSION DIKE 1,,,,,,,,,,,,3,14,,,,CA,SACRAMENTO RIVER,PST/PDT
1364,-122.2035124,40.15186337,,RED BLUFF DIVERSION DIKE 2,,,,,,,,,,,,3,14,,,,CA,SACRAMENTO RIVER,PST/PDT
1365,-109.4216524,40.57492137,,RED FLEET DAM,,,,,,,,,,,,5,20,,,,UT,BIG BRUSH CREEK,MST/MDT
1366,-100.6669683,40.35791537,,RED WILLOW DAM,,,,,,,,,,,,1,4,,,,NE,RED WILLOW CREEK,CST/CDT
1367,-116.8580704,46.37148137,,RESERVOIR A DAM,,,,,,,,,,,,4,17,,,,ID,LINDSAY CREEK,PST/PDT
1368,-107.7587724,38.23658137,,RIDGWAY DAM,,,,Ridgway_Dam,1,1,,,1,41,4,5,21,,,,CO,UNCOMPAHGRE RIVER,MST/MDT
1369,-107.7597314,39.62778637,,RIFLE GAP DAM,,,,,,,,,,,,5,21,,,,CO,RIFLE CREEK,MST/MDT
1370,-111.7426794,43.58228437,,RIRIE DAM,,,,Ririe_Dam,5,0,,,,55,1,4,17,,,,ID,WILLOW CREEK,MST/MDT
1371,-106.3288984,31.65848836,,RIVERSIDE DIVERSION DAM,,,,,,,,,,,,5,19,,,,TX,RIO GRANDE RIVER,MST/MDT
1373,-120.4658504,46.74907437,,ROZA DIVERSION DAM,,,,,,,,,,,,4,18,,,,WA,YAKIMA RIVER,PST/PDT
1374,-106.8174704,39.36300037,,RUEDI DAM,,,,,,,,,,,,5,21,,,,CO,FRYINGPAN RIVER,MST/MDT
1375,-118.3090394,40.46935137,,RYE PATCH DAM,,,,Rye_Patch_Dam,2,1,,,1,50,2,3,13,,,,NV,HUMBOLDT RIVER,PST/PDT
1376,-113.4159844,48.85208838,,SAINT MARYS DIVERSION DAM,,,,,,,,,,,,1,3,,,,MT,SAINT MARY RIVER,MST/MDT
1377,-119.7454774,48.55927938,,SALMON LAKE DAM,,,,Salmon_Lake_Dam,1,1,,,1,58,1,4,18,,,,WA,SALMON CREEK OS,PST/PDT
1378,-121.4474394,36.81665737,,SAN JUSTO DAM,,,,San_Justo_Dam,1,1,,,1,5,4,3,15,,,,CA,SAN BENITO RIVER OS,PST/PDT
1379,-121.4446564,36.82708837,,SAN JUSTO DIKE,,,,San_Justo_Dike,2,0,,,,14,1,3,15,,,,CA,SAN BENITO RIVER OS,PST/PDT
1380,-108.2364374,43.32884637,,SAND MESA NO. 1 DAM,,,,,,,,,,,,1,6,,,,WY,SAND MESA DRAIN TR,MST/MDT
1381,-108.2066334,43.32803037,,SAND MESA NO. 2 DAM,,,,,,,,,,,,1,6,,,,WY,SAND MESA DRAIN TR,MST/MDT
1382,-101.5523993,35.71417436,,SANFORD DAM,,,,,,,,,,,,1,5,,,,TX,CANADIAN RIVER,CST/CDT
1383,-121.4578544,36.97288737,,SANTA CLARA TUNNEL,,,,Santa_Clara_Tunnel,1,0,,,,22,1,3,15,,,,CA,CVP TRANSPORT,PST/PDT
1384,-105.1756794,40.60001437,,SATANKA DIKE,,,,,,,,,,,,1,2,,,,CO,CACHE LA POUDRE TR,MST/MDT
1385,-123.2297534,42.42081137,,SAVAGE RAPIDS DIVERSION DAM,,,,,,,,,,,,4,16,,,,OR,ROGUE RIVER,PST/PDT
1386,-111.1198474,39.78692437,,SCOFIELD DAM,,,,Scofield_Dam,3,1,,,1,43,2,5,20,,,,UT,PRICE RIVER,MST/MDT
1387,-123.2006964,45.47257437,,SCOGGINS DAM,,,,Scoggins_Dam,1,1,,,1,35,2,4,16,,,,OR,SCROGGINS CREEK,PST/PDT
1388,-119.0374234,46.71945737,,SCOOTENEY DIKE 1,,,,,,,,,,,,4,18,,,,WA,COLUMBIA RIVER OS,PST/PDT
1389,-119.0326254,46.69740037,,SCOOTENEY DIKE 2,,,,,,,,,,,,4,18,,,,WA,COLUMBIA RIVER OS,PST/PDT
1390,-119.0270154,46.69524537,,SCOOTENEY DIKE 3,,,,,,,,,,,,4,18,,,,WA,COLUMBIA RIVER OS,PST/PDT
1391,-106.9085954,42.15583437,,SEMINOE DAM,,,,,,,,,,,,1,6,,,,WY,NORTH PLATTE RIVER,MST/MDT
1392,-114.4783404,32.90998736,,SENATOR WASH DAM,,,,Senator_Wash_Dam,3,0,,,,54,1,2,10,,,,CA,SENATOR WASH,PST/PDT
1393,-102.2013284,45.75246237,,SHADEHILL DAM,,,,,,,,,,,,1,1,,,,SD,GRAND RIVER,MST/MDT
1394,-102.2008044,45.74804437,,SHADEHILL DIKE NO. 1,,,,,,,,,,,,1,1,,,,SD,GRAND RIVER OS,MST/MDT
1395,-102.1989154,45.74757337,,SHADEHILL DIKE NO. 2,,,,,,,,,,,,1,1,,,,SD,GRAND RIVER OS,MST/MDT
1396,-105.8414144,40.20714837,,SHADOW MOUNTAIN DAM,,,,,,,,,,,,5,21,,,,CO,COLORADO RIVER,MST/MDT
1397,-122.4190654,40.71862137,,SHASTA DAM,,,,Shasta_Dam,2,1,,,1,30,4,3,14,,,,CA,SACRAMENTO RIVER,PST/PDT
1398,-118.9072404,39.42963137,,SHECKLER DAM,,,,,,,,,,,,3,13,,,,NV,CARSON RIVER OS,PST/PDT
1399,-98.88104235,41.30334437,,SHERMAN DAM,,,,,,,,,,,,1,4,,,,NE,OAK CREEK,CST/CDT
1400,-107.5425424,38.23210137,,SILVER JACK DAM,,,,,,,,,,,,5,21,,,,CO,EAST FORK CIMARRON RIVER,MST/MDT
1401,-107.9202694,39.08136337,,SILVER LAKE DAM,,,,,,,,,,,,5,21,,,,CO,BIG CREEK,MST/MDT
1402,-120.5616304,38.71525137,,SLY PARK DAM,,,,,,,,,,,,3,11,,,,CA,SLY PARK CREEK,PST/PDT
1403,-120.5699744,38.71698737,,SLY PARK SADDLE DIKE,,,,,,,,,,,,3,11,,,,CA,SLY PARK CREEK OS,PST/PDT
1404,-119.2374604,46.95541538,,SODA LAKE DIKE,,,,,,,,,,,,4,18,,,,WA,COLUMBIA RIVER OS,PST/PDT
1405,-105.1622454,40.59025037,,SOLDIER CANYON DAM,,,,,,,,,,,,1,2,,,,CO,CACHE LA POUDRE TR,MST/MDT
1406,-111.0268944,40.13662837,,SOLDIER CREEK DAM,,,,Soldier_Creek_Dam,1,1,,,1,46,2,5,20,,,,UT,STRAWBERRY RIVER,MST/MDT
1407,-116.7366764,46.16732837,,SOLDIERS MEADOW DAM,,,,,,,,,,,,4,17,,,,ID,WEBB CREEK,PST/PDT
1408,-119.5220014,48.81504238,,SPECTACLE LAKE DIKE,,,,,,,,,,,,4,18,,,,WA,OKANOGAN RIVER OS,PST/PDT
1409,-105.1408314,40.53019737,,SPRING CANYON DAM,,,,,,,,,,,,1,2,,,,CO,CACHE LA POUDRE TR,MST/MDT
1410,-122.4739854,40.62955437,,SPRING CREEK DEBRIS DAM,,,,Spring_Creek_Debris_Dam,1,1,,,1,40,2,3,14,,,,CA,SPRING CREEK,PST/PDT
1411,-114.4776574,32.90442836,,SQUAW LAKE DIKE,,,,Squaw_Lake_Dike,2,1,,,1,70,2,2,10,,,,CA,SENATOR WASH OS,PST/PDT
1412,-120.1038374,39.47508537,,STAMPEDE DAM,,,,Stampede_Dam,2,0,,,,12,1,3,13,,,,CA,LITTLE TRUCKEE RIVER,PST/PDT
1413,-120.1102734,39.47050037,,STAMPEDE DIKE,,,,,,,,,,,,3,13,,,,CA,LITTLE TRUCKEE TR,PST/PDT
1414,-110.4435184,40.19102437,,STARVATION DAM,,,,,,,,,,,,5,20,,,,UT,STRAWBERRY RIVER,MST/MDT
1415,-110.3852724,40.98812837,,STATELINE DAM,,,,,,,,,,,,5,20,,,,UT,EAST FORK SMITH CREEK,MST/MDT
1416,-110.3903754,40.98952937,,STATELINE DIKE A,,,,,,,,,,,,5,20,,,,UT,EAST FORK SMITH CREEK OS,MST/MDT
1417,-110.3922684,40.98804337,,STATELINE DIKE B,,,,,,,,,,,,5,20,,,,UT,EAST FORK SMITH CREEK OS,MST/MDT
1418,-109.5309304,40.50681737,,STEINAKER DAM,,,,,,,,,,,,5,20,,,,UT,ASHLEY CREEK,MST/MDT
1419,-111.5360384,33.56662036,,STEWART MOUNTAIN DAM,,,,Stewart_Mountain_Dam,3,0,,,,71,1,2,8,,,,AZ,SALT RIVER,MST/MST
1420,-122.5324534,39.58637437,,STONY GORGE DAM,,,,,,,,,,,,3,14,,,,CA,STONY CREEK,PST/PDT
1421,-104.6567864,36.57474336,,STUBBLEFIELD DAM,,,,,,,,,,,,5,19,,,,NM,STUBBLEFIELD ARROYO,MST/MDT
1422,-104.6432234,36.59645936,,STUBBLEFIELD DIKE,,,,,,,,,,,,5,19,,,,NM,STUBBLEFIELD ARROYO OS,MST/MDT
1423,-106.3722984,39.25319837,,SUGAR LOAF DAM,,,,,,,,,,,,1,2,,,,CO,LAKE FORK OF ARKANSAS RIVER,MST/MDT
1424,-106.3536044,39.26665137,,SUGAR LOAF DIKE,,,,,,,,,,,,1,2,,,,CO,LAKE FORK OF ARKANSAS RIVER OS,MST/MDT
1425,-120.8008924,39.13005337,,SUGAR PINE DAM,,,,Sugar_Pine_Dam,4,0,,,,62,1,3,11,,,,CA,NORTH SHIRTTAIL CREEK,PST/PDT
1426,-104.3898004,34.60739936,,SUMNER DAM,,,,,,,,,,,,5,19,,,,NM,PECOS RIVER,MST/MDT
1427,-112.7067964,47.62107738,,SUN RIVER DIVERSION DAM,,,,,,,,,,,,1,3,,,,MT,NORTH FORK SUN RIVER,MST/MDT
1428,-112.8719434,48.16280238,,SWIFT DAM,,,,,,,,,,,,1,3,,,,MT,BIRCH CREEK,MST/MDT
1429,-112.8742224,48.16542238,,SWIFT DIKE,,,,,,,,,,,,1,3,,,,MT,BIRCH CREEK,MST/MDT
1430,-106.6057354,38.81846137,,TAYLOR PARK DAM,,,,,,,,,,,,5,21,,,,CO,TAYLOR RIVER,MST/MDT
1431,-122.1595884,38.22151537,,TERMINAL DAM,,,,,,,,,,,,3,11,,,,CA,GREEN VALLEY OS,PST/PDT
1432,-122.1587894,38.21909137,,TERMINAL SOUTH DIKE,,,,,,,,,,,,3,11,,,,CA,GREEN VALLEY OS,PST/PDT
1433,-111.1612494,33.67168436,,THEODORE ROOSEVELT DAM,,,,,,,,,,,,2,8,,,,AZ,SALT RIVER,MST/MST
1434,-117.7810544,45.01275337,,THIEF VALLEY DAM,,,,,,,,,,,,4,17,,,,OR,POWDER RIVER,PST/PDT
1435,-119.3260864,45.88213237,,THREE MILE FALLS DIVERSION DAM,,,,,,,,,,,,4,16,,,,OR,UMATILLA RIVER,PST/PDT
1436,-111.0969634,48.32202438,,TIBER DAM,,,,,,,,,,,,1,3,,,,MT,MARIAS RIVER,MST/MDT
1437,-111.1234644,48.30250838,,TIBER DIKE,,,,,,,,,,,,1,3,,,,MT,MARIAS RIVER OS,MST/MDT
1438,-121.1281544,46.65662637,,TIETON DAM,,,,,,,,,,,,4,18,,,,WA,TIETON RIVER,PST/PDT
1439,-101.0637463,40.16163537,,TRENTON DAM,,,,,,,,,,,,1,4,,,,NE,REPUBLICAN RIVER,CST/CDT
1440,-110.9571124,40.67989237,,TRIAL LAKE DAM,,,,,,,,,,,,5,20,,,,UT,SOAPSTONE CREEK,MST/MDT
1441,-122.7629584,40.80098237,,TRINITY DAM,,,,Trinity_Dam,1,1,,,1,49,2,3,14,,,,CA,TRINITY RIVER,PST/PDT
1442,-100.5350513,31.37682436,,TWIN BUTTES DAM,,,,,,,,,,,,1,5,,,,TX,MID & SO CONCHO RIV. SPRING CR,CST/CDT
1443,-106.3035274,39.07778237,,TWIN LAKES DAM,,,,,,,,,,,,1,2,,,,CO,LAKE CREEK,MST/MDT
1444,-120.3233664,34.98652936,,TWITCHELL DAM,,,,Twitchell_Dam,2,1,,,1,28,2,3,15,,,,CA,CUYAMA RIVER,PST/PDT
1445,-99.81266435,44.69735737,,U.S.A. DAM,,,,,,,,,,,,1,1,,,,SD,TRIB MEDICINE KNOLL,CST/CDT
1446,-118.1806234,44.50418837,,UNITY DAM,,,,,,,,,,,,4,17,,,,OR,BURNT RIVER,PST/PDT
1447,-108.3810964,43.31146037,,UPPER COTTONWOOD DAM,,,,,,,,,,,,1,6,,,,WY,COTTONWOOD DRAIN,MST/MDT
1449,-107.5744704,37.37860037,,VALLECITO DAM,,,,,,,,,,,,5,21,,,,CO,LOS PINOS RIVER,MST/MDT
1450,-106.9749294,48.37270538,,VANDALIA DIVERSION DAM,,,,,,,,,,,,1,3,,,,MT,MILK RIVER,MST/MDT
1451,-107.8110434,39.22466137,,VEGA DAM,,,,,,,,,,,,5,21,,,,CO,PLATEAU CREEK,MST/MDT
1452,-96.98673835,34.49050436,,VETERANS DAM,,,,,,,,,,,,1,5,,,,OK,WILSON CR,CST/CDT
1453,-99.21100035,41.83299937,,VIRGINIA SMITH DAM,,,,,,,,,,,,1,4,,,,NE,CALAMUS RIVER,CST/CDT
1454,-111.4053274,40.78857737,,WANSHIP DAM,,,,,,,,,,,,5,20,,,,UT,WEBER RIVER,MST/MDT
1455,-118.2088644,43.58543437,,WARM SPRINGS DAM,,,,,,,,,,,,4,17,,,,OR,MALHEUR RIVER,PST/PDT
1456,-121.6878434,45.17419737,,WASCO DAM,,,,,,,,,,,,4,16,,,,OR,CLEAR CREEK,PST/PDT
1457,-110.9636394,40.67648837,,WASHINGTON LAKE DAM,,,,,,,,,,,,5,20,,,,UT,SOAPSTONE CREEK,MST/MDT
1458,-99.42394435,39.40791437,,WEBSTER DAM,,,,,,,,,,,,1,4,,,,KS,SOUTH FORK SOLOMON RIVER,CST/CDT
1459,-99.42960735,39.43173037,,WEBSTER DIKE,,,,,,,,,,,,1,4,,,,KS,SOUTH FORK SOLOMON RIVER OS,CST/CDT
1460,-116.0428204,33.39283036,,WEST SIDE DETENTION DIKE NO. 2,,,,,,,,,,,,2,10,,,,CA,WHITEWATER RIVER OS,PST/PDT
1461,-116.0457004,33.40453036,,WEST SIDE DETENTION DIKE NO. 3,,,,,,,,,,,,2,10,,,,CA,WHITEWATER RIVER OS,PST/PDT
1462,-116.0378104,33.38760036,,WEST SIDE DETENTION DIKE NO. 4,,,,,,,,,,,,2,10,,,,CA,WHITEWATER RIVER OS,PST/PDT
1463,-122.5394734,40.59924037,,WHISKEYTOWN DAM,,,,Whiskeytown_Dam,1,1,,,1,53,2,3,14,,,,CA,CLEAR CREEK,PST/PDT
1464,-122.5456964,40.59791337,,WHISKEYTOWN DIKE 1,,,,,,,,,,,,3,14,,,,CA,CLEAR CREEK OS,PST/PDT
1465,-122.5480144,40.60028437,,WHISKEYTOWN DIKE 2,,,,,,,,,,,,3,14,,,,CA,CLEAR CREEK OS,PST/PDT
1466,-121.6919174,43.68585337,,WICKIUP DAM,,,,Wickiup_Dam,4,1,,,1,52,2,4,16,,,,OR,DESCHUTES RIVER,PST/PDT
1467,-121.6743144,43.66308037,,WICKIUP EAST DIKE,,,,,,,,,,,,4,16,,,,OR,DESCHUTES RIVER OS,PST/PDT
1468,-121.6943044,43.63099037,,WICKIUP SOUTH DIKE,,,,,,,,,,,,4,16,,,,OR,DESCHUTES RIVER OS,PST/PDT
1469,-115.8452554,41.68723137,,WILD HORSE DAM,,,,,,,,,,,,4,17,,,,NV,EAST FORK OWYEE RIVER,PST/PDT
1470,-105.9419534,40.14721237,,WILLOW CREEK  DAM,,,,,,,,,,,,5,21,,,,CO,WILLOW CREEK,MST/MDT
1471,-112.4291314,47.54692738,,WILLOW CREEK DAM,,,,,,,,,,,,1,3,,,,MT,WILLOW CREEK,MST/MDT
1472,-112.4255454,47.55550838,,WILLOW CREEK DIKE 3,,,,,,,,,,,,1,3,,,,MT,WILLOW CREEK OS,MST/MDT
1473,-108.9097104,44.67155837,,WILLWOOD DIVERSION DAM,,,,,,,,,,,,1,6,,,,WY,SHOSHONE RIVER,MST/MDT
1474,-108.9552884,43.22481837,,WIND RIVER DIVERSION DAM,,,,,,,,,,,,1,6,,,,WY,WIND RIVER,MST/MDT
1475,-107.9212734,45.31602637,,YELLOWTAIL AFTERBAY DAM,,,,,,,,,,,,1,3,,,,MT,BIGHORN RIVER,MST/MDT
1476,-107.9580864,45.30674737,,YELLOWTAIL DAM,,,,,,,,,,,,1,3,,,,MT,BIGHORN RIVER,MST/MDT
1477,-114.7048604,32.72548036,,YUMA DESALTING PLANT,,,,Yuma_Desalting_Plant,0,,,,,74,1,2,10,,,,AZ,COLORADO RIVER,MST/MST
1478,-119.4588954,43.60631537,,ZOGLMANN DAM,,,,,,,,,,,,4,16,,,,OR,GUMBOOT CANYON,PST/PDT
1479,-107.8943844,37.21928837,,RIDGES BASIN DAM,,,,,,,,,,,,5,21,,,,CO,,MST/MDT
1480,-105.5780874,40.32797537,,EAST PORTAL DAM,,,,,,,,,,,,1,2,,,,CO,,MST/MDT
1481,-111.1838774,34.55448336,,C.C. CRAGIN DAM,,,,,,,,,,,,2,8,,,,AZ,EAST CLEAR CREEK,MST/MDT
1482,-111.9308394,41.21970037,,OGDEN RIVER EQUALIZING RES. P,,,,,,,,,,,,5,20,,,,UT,,MST/MDT
1483,-111.9387354,41.19532237,,OGDEN RIVER EQUALIZING RES. 13,,,,,,,,,,,,5,20,,,,UT,,MST/MDT
1484,-111.9467944,41.18686837,,OGDEN RIVER EQUALIZING RES. 17,,,,,,,,,,,,5,20,,,,UT,,MST/MDT
1485,-111.9721064,41.16886737,,OGDEN RIVER EQUALIZING RES. 25,,,,,,,,,,,,5,20,,,,UT,,MST/MDT
1486,-111.9728584,41.16850237,,OGDEN RIVER EQUALIZING RES. 25A,,,,,,,,,,,,5,20,,,,UT,,MST/MDT
1487,-111.9736094,41.16763137,,OGDEN RIVER EQUALIZING RES. 25B,,,,,,,,,,,,5,20,,,,UT,,MST/MDT
1488,-111.9375344,41.16309537,,WEBER BASIN EQ. RES. COMBE,,,,,,,,,,,,5,20,,,,UT,,MST/MDT
1489,-111.8859124,40.99945437,,WEBER BASIN EQ. RES. FARMINGTON,,,,,,,,,,,,5,20,,,,UT,,MST/MDT
1490,-111.8583134,40.89762837,,WEBER BASIN EQ. RES. 17.2,,,,,,,,,,,,5,20,,,,UT,,MST/MDT
1491,-111.8446644,40.88581637,,WEBER BASIN EQ. RES. 18 UPPER,,,,,,,,,,,,5,20,,,,UT,,MST/MDT
1492,-111.8503824,40.88656737,,WEBER BASIN EQ. RES. 18 LOWER,,,,,,,,,,,,5,20,,,,UT,,MST/MDT
1493,-111.8580334,40.88799537,,WEBER BASIN EQ. RES. 17.8,,,,,,,,,,,,5,20,,,,UT,,MST/MDT
1494,-111.8626824,40.87990137,,WEBER BASIN EQ. RES. 18.5,,,,,,,,,,,,5,20,,,,UT,,MST/MDT
1495,-111.8663774,40.87429637,,WEBER BASIN EQ. RES. 18.8,,,,,,,,,,,,5,20,,,,UT,,MST/MDT
1496,-111.8670844,40.87288937,,WEBER BASIN EQ. RES. 18.9,,,,,,,,,,,,5,20,,,,UT,,MST/MDT
1497,-111.8650634,40.86349137,,WEBER BASIN EQ. RES. 19.5 LOWER,,,,,,,,,,,,5,20,,,,UT,,MST/MDT
1498,-111.8591544,40.85659037,,WEBER BASIN EQ. RES. 19.5 UPPER,,,,,,,,,,,,5,20,,,,UT,,MST/MDT
1499,-109.1831704,44.47065837,,BUFFALO BILL - DIAMOND CR. DIKE,,,,,,,,,,,,1,6,,,,WY,,MST/MDT
1500,-115.03328,32.71041,,WARREN H. BROCK DIKE,,,,,,,,,,,,2,10,,,,CA,,PST/PDT
